<?xml version="1.0" encoding="UTF-8"?>
<!DOCTYPE mapper PUBLIC "//mybatis.org/DTD Mapper 3.0//EN" "http://mybatis.org/dtd/mybatis-3-mapper.dtd">
<mapper namespace="com.future.my.review.dao.IReviewDAO">
	
	<!-- 페이징 처리 -->
	<select id="getTotalRowCount" resultType="int" parameterType="ReviewListSearchVO">
			
			SELECT count(*)
			FROM reviews
			WHERE 1=1
			AND del_yn='N'
			
			<include refid="ReviewListSearch"></include>

	</select>
	
	
	<select id="getReviewList" resultType="ReviewVO" parameterType="ReviewListSearchVO">
		
			SELECT *
			FROM(SELECT rownum as rnum
			          , a.*
			     FROM (SELECT r.review_no
			                 ,r.title
			                 ,r.comm_code
			                 ,r.comm_name
			                 ,r.ticket_no
			                 ,r.culture_no
			                 ,r.poster
			                 ,r.addr
			                 ,r.viewing_date
			                 ,r.review_date
			                 ,r.update_date
			                 ,r.friend
			                 ,r.rating
			                 ,r.review
			                 ,r.photo
			                 ,r.del_yn
			           FROM reviews r, code_list c
			           WHERE r.comm_code = c.comm_cd
			           AND r.mem_id = #{memId}
			           AND r.del_yn = 'N'
			           <include refid="ReviewListSearch"></include>
			           ORDER BY review_no DESC
			          ) a
			    ) b
			WHERE rnum BETWEEN #{firstRow} AND #{lastRow}
			
			
	</select>
	<!-- 페이징 처리 -->
	<sql id="ReviewListSearch">
		<if test="@org.apache.commons.lang3.StringUtils@isNotBlank(searchWord)">
		        <choose> 
		            <when test='searchType == "T"'>
		                AND title LIKE '%' || #{searchWord} || '%'
		            </when>
		            <when test='searchType == "R"'>
		                AND rating LIKE '%' || #{searchWord} || '%'
		            </when>
		        </choose>
		</if> 
	    <if test="!@org.apache.commons.lang3.StringUtils@isBlank(searchCategory)">
	        AND comm_code = #{searchCategory}
	    </if>
	</sql>
	
	
	
		
	<select id="getCultureList" resultType="ReviewVO" parameterType="ReviewCategorySearchVO">
		SELECT *
		FROM(
		        SELECT c.comm_cd,
		               c.comm_nm,
		               a.ticket_no,
		               a.title,
		               a.poster,
		               a.period_date,
		               a.addr,
		               a.culture_description
		        FROM (SELECT ticket_no, comm_cd, title, poster, period_date, addr, NULL AS culture_description 
		              FROM tb_ticket
		              UNION ALL
		              SELECT culture_no, comm_cd, title, poster, period_date, addr, culture_description
		              FROM tb_culture
		              ) a
		        JOIN code_list c ON c.comm_cd = a.comm_cd
		        WHERE c.comm_cd = #{searchCategory})
		        
	</select>
	
	<!-- 기록페이지에서 분야 선택 -->
	<sql id="ReviewCategorySearchVO"> 
	    <if test="!@org.apache.commons.lang3.StringUtils@isBlank(searchCategory)">
	        AND comm_code = #{searchCategory}
	    </if>
	</sql>
	
	
	<insert id="insertReview" parameterType="ReviewVO">

	    INSERT INTO reviews( mem_id, ticket_no, culture_no, comm_code, comm_name, title, poster, addr, viewing_date, friend, rating, review, photo)
	    VALUES(
	            #{memId},
	            <choose>
	                <when test="ticketNo == 0">null,</when>
	                <otherwise>#{ticketNo},</otherwise>
	            </choose>
	            <choose>
	                <when test="cultureNo == 0">null,</when>
	                <otherwise>#{cultureNo},</otherwise>
	            </choose>
	            #{commCd},
	            #{commNm},
	            #{title},
	            #{poster},
	            #{addr},
	            #{viewingDate},
	            #{friend},
	            #{rating},
	            #{review},
	            #{photo}
	            )
	
	</insert>
	
	
	<!-- 후기글 상세조회 -->
	<select id="getReview" parameterType="int" resultType="ReviewVO">
		SELECT a.ticket_no
			 , a.mem_id
			 , a.culture_no
		     , a.review_no
		     , a.title
		     , a.comm_code
		     , b.comm_nm as comm_name
		     , a.poster
		     , a.addr
		     , TO_CHAR(a.viewing_date,'YYYYMMDD') as viewing_date
		     , a.review_date
		     , a.update_date
		     , a.friend
		     , a.rating
		     , a.review
		     , a.photo
		     , a.del_yn
		FROM  reviews a, code_list b
		WHERE a.comm_code = b.comm_cd
		AND   a.review_no = #{reviewNo}
		AND   a.del_yn ='N'
	</select>
	
	
	<!-- 후기글 수정 -->
	<update id="updateReview" parameterType="ReviewVO">
			UPDATE reviews
			SET friend = #{friend}
			   ,review = #{review}
			   ,rating = #{rating}
			   ,update_date= SYSDATE
			WHERE review_no = #{reviewNo}
			AND mem_id = #{memId}
	</update>
	
	<!-- 후기글 삭제 -->
	<update id="deleteReview" parameterType="int">
			UPDATE reviews
			SET del_yn = 'Y'
			WHERE review_no = #{reviewNo}
	</update>
	
	
</mapper>