<?xml version="1.0" encoding="UTF-8"?>
<!DOCTYPE configuration PUBLIC "-//mybatis.org//DTD Config 3.0//EN" "http://mybatis.org/dtd/mybatis-3-config.dtd">
<configuration>
	<settings>
	  <setting name="mapUnderscoreToCamelCase" value="true"/> 
	  <setting name="jdbcTypeForNull" value="NULL"/>
	</settings>
	
	<typeAliases>
		<typeAlias type="com.future.my.member.vo.MemberVO" alias="MemberVO"/>
		<typeAlias type="com.future.my.common.vo.CodeVO" alias="CodeVO"/>
		<typeAlias type="com.future.my.review.vo.ReviewVO" alias="ReviewVO"/>
		<typeAlias type="com.future.my.review.vo.ReviewCategorySearchVO" alias="ReviewCategorySearchVO"/>
		<typeAlias type="com.future.my.review.vo.ReviewListSearchVO" alias="ReviewListSearchVO"/>
		<typeAlias type="com.future.my.stats.vo.StatsVO" alias="StatsVO"/>
		<typeAlias type="com.future.my.scrap.vo.ScrapVO" alias="ScrapVO"/>
	</typeAliases>
</configuration>